,Loan_ID,Gender,Married,Dependents,Education,Self_Employed,LoanAmount,Loan_Amount_Term,Credit_History,Property_Area,Loan_Status,Income
1,LP001003,1,1,1,1,0,6.243266653270689,30.0,1,0,0,1.864967187834642
2,LP001005,1,1,0,1,1,5.202609869793578,30.0,1,2,1,1.856555970244763
3,LP001006,1,1,0,0,0,6.138815911878341,30.0,1,2,1,1.862801991049998
4,LP001008,1,0,0,1,0,6.40108265914731,30.0,1,2,1,1.8648193284259
5,LP001011,1,1,2,1,1,7.481930120245435,30.0,1,2,1,1.868931802786796
6,LP001013,1,1,0,0,0,5.766308605778188,30.0,1,2,1,1.8598820653888388
7,LP001014,1,1,3,1,0,6.588770407176041,30.0,0,1,0,1.8640157890148124
8,LP001018,1,1,2,1,0,6.690842482002805,30.0,1,2,1,1.8640009152916823
9,LP001020,1,1,1,1,0,7.956235101810677,30.0,1,1,0,1.8744586579910285
10,LP001024,1,1,2,1,0,5.292292775987911,30.0,1,2,1,1.8600458149568795
11,LP001027,1,1,2,1,0,5.984457744171492,30.0,1,2,1,1.8613340734617618
12,LP001028,1,1,2,1,0,6.984273856782395,30.0,1,2,1,1.870045429098347
13,LP001029,1,0,0,1,0,6.056280501525039,30.0,1,0,0,1.8622312137658623
14,LP001030,1,1,2,1,0,3.274788055227062,10.0,1,2,1,1.853079512479285
15,LP001032,1,0,0,1,0,6.204804957734244,30.0,1,2,1,1.862821877970893
17,LP001036,0,0,0,1,0,5.418524095560883,30.0,0,2,0,1.858702484152016
18,LP001038,1,1,0,0,0,6.305602196486696,30.0,1,0,0,1.8626814942485697
20,LP001043,1,1,0,0,0,5.9096058215908815,30.0,0,2,0,1.8670784938820078
21,LP001046,1,1,1,1,0,7.773212291318927,30.0,1,2,1,1.87029287669064
22,LP001047,1,1,0,0,0,6.084217969428781,30.0,0,1,0,1.8617820868546517
23,LP001050,1,1,2,0,0,6.027898327263307,30.0,0,0,0,1.863518860887169
25,LP001066,1,1,0,1,1,6.906286052916264,30.0,1,1,1,1.8688892890220963
26,LP001068,1,1,0,1,0,6.165503231406164,30.0,1,1,1,1.8630434597973933
27,LP001073,1,1,2,0,0,5.9990562339903,30.0,1,2,1,1.8634868213716298
28,LP001086,1,0,0,0,0,4.268561202711365,30.0,1,2,0,1.843795888257956
29,LP001087,0,0,2,1,0,6.138815911878341,30.0,1,1,1,1.86453884639673
31,LP001095,1,0,0,1,0,5.377476018989611,30.0,1,2,0,1.8573169053636465
32,LP001097,1,0,1,1,1,5.939927336555229,30.0,1,0,0,1.8622288191288705
33,LP001098,1,1,0,1,0,6.056280501525039,30.0,1,1,1,1.8632852102367152
34,LP001100,1,0,3,1,0,7.80121087524958,30.0,1,0,0,1.8721717352915073
37,LP001112,0,1,0,1,0,6.435634182667218,30.0,1,1,1,1.8631999738850709
38,LP001114,1,0,0,1,0,6.843307500443318,30.0,1,2,1,1.8701686617994948
39,LP001116,1,0,0,0,0,5.9990562339903,30.0,1,1,1,1.8637814795398375
40,LP001119,1,0,0,1,0,5.497783417454734,30.0,1,2,0,1.859032174636787
41,LP001120,1,0,0,1,0,4.695313420366752,30.0,1,2,1,1.8566175140273593
43,LP001131,1,1,0,1,0,6.317815616383653,30.0,1,1,1,1.8652591372824885
46,LP001138,1,1,1,1,0,4.598738319951352,30.0,1,2,1,1.8642152204237719
47,LP001144,1,1,0,1,0,6.435634182667218,30.0,1,2,1,1.8645182187849891
48,LP001146,0,1,0,1,0,6.138815911878341,30.0,0,2,0,1.8649575432130217
49,LP001151,0,0,0,1,0,6.435634182667218,30.0,1,1,1,1.8652560686663917
50,LP001155,0,1,0,0,0,5.847354460601608,30.0,1,1,1,1.8589309681102881
51,LP001157,0,0,0,1,0,6.138815911878341,30.0,1,1,1,1.8569557038223095
52,LP001164,0,0,0,1,0,6.027898327263307,30.0,1,1,0,1.8610313262838276
53,LP001179,1,1,2,1,0,6.317815616383653,30.0,1,2,0,1.8620445088366229
54,LP001186,0,1,1,1,1,7.602463814767873,30.0,0,2,0,1.8702445671514725
55,LP001194,1,1,2,1,0,5.799177386592547,30.0,1,1,1,1.8599659578434893
56,LP001195,1,1,0,1,0,5.782820043161546,30.0,1,1,1,1.8594628769583557
57,LP001197,1,1,0,1,0,6.329947269758654,30.0,1,0,0,1.8640639023912335
58,LP001198,1,1,1,1,0,6.806344711177298,30.0,1,2,1,1.8694737455998487
59,LP001199,1,1,2,0,0,6.435634182667218,30.0,1,2,1,1.8651648655026403
60,LP001205,1,1,0,1,0,6.138815911878341,30.0,1,2,1,1.8652882146674414
61,LP001206,1,1,3,1,0,5.831441721694374,30.0,1,2,1,1.856692704447524
62,LP001207,1,1,0,0,1,6.660808235596759,15.0,0,0,0,1.8649139615819847
64,LP001222,0,0,0,1,0,6.084217969428781,30.0,0,1,0,1.860849575689397
65,LP001225,1,1,0,1,0,7.42211661527412,30.0,1,1,0,1.8694673021387078
66,LP001228,1,0,0,0,0,6.21771697872411,15.0,0,2,0,1.8638541501703263
67,LP001233,1,1,1,1,0,7.756220520530833,30.0,1,2,1,1.869765197299608
68,LP001238,1,1,3,0,1,6.204804957734244,5.0,1,2,1,1.86640742681308
69,LP001241,0,0,0,1,0,6.341998303658538,30.0,0,1,0,1.8612253562105783
70,LP001243,1,1,0,1,0,6.7301459040729945,30.0,1,2,1,1.8652545337967774
71,LP001245,1,1,2,0,1,5.799177386592547,30.0,1,1,1,1.8595545156473525
72,LP001248,1,0,0,1,0,5.517040082765307,25.0,1,1,1,1.8586650526428483
74,LP001253,1,1,3,1,1,6.870557906044639,30.0,1,1,1,1.866330714945342
75,LP001255,1,0,0,1,0,6.042145935177422,40.0,1,2,0,1.8595545156473525
76,LP001256,1,0,0,1,0,6.7686350427975635,30.0,1,2,0,1.8679554163046956
77,LP001259,1,1,1,1,1,5.9990562339903,30.0,1,2,0,1.860424557054004
78,LP001263,1,1,3,1,0,6.806344711177298,25.0,0,1,0,1.8664919239813857
80,LP001265,0,0,0,1,0,6.013535752225255,30.0,1,1,1,1.8598723296546837
82,LP001267,0,1,2,1,0,6.680885086882129,30.0,1,2,0,1.8577103806734694
84,LP001275,1,1,1,1,0,4.786491134274085,20.0,1,2,1,1.8603207907952755
85,LP001279,1,0,0,1,0,6.341998303658538,30.0,1,1,1,1.8627039618631618
87,LP001282,1,1,0,1,0,5.9096058215908815,30.0,1,1,1,1.8620494185300343
88,LP001289,1,0,0,1,0,7.067305495138891,30.0,1,2,1,1.8680186869535753
89,LP001310,1,1,0,1,0,6.759087153852618,30.0,1,1,1,1.869126834639186
90,LP001316,1,1,0,1,0,6.280925342709639,30.0,1,1,1,1.8645816126407653
91,LP001318,1,1,2,1,0,6.8795539666452035,15.0,1,1,1,1.8704834228684053
92,LP001319,1,1,2,0,0,5.517040082765307,30.0,1,2,1,1.86313060722643
93,LP001322,1,0,0,1,0,6.165503231406164,30.0,1,1,1,1.8607541810065102
94,LP001325,1,0,0,0,0,3.7965959834592495,10.0,1,1,1,1.8591037301840962
96,LP001327,0,1,0,1,0,6.353969840750342,30.0,1,1,1,1.8624505565108684
97,LP001333,1,1,0,1,0,4.786491134274085,30.0,1,1,1,1.8564316492021786
98,LP001334,1,1,0,0,0,6.070303903069571,15.0,1,1,1,1.860912531896496
99,LP001343,1,1,0,1,0,6.280925342709639,30.0,1,1,1,1.8635547282056573
100,LP001345,1,1,2,0,0,6.305602196486696,15.0,1,2,1,1.8669538694933268
101,LP001349,1,0,0,1,0,6.513800368370525,30.0,1,1,1,1.8680972030992093
104,LP001357,1,1,0,1,0,6.60964115016159,30.0,1,2,1,1.861930679438166
105,LP001367,1,1,1,1,0,5.847354460601608,30.0,1,2,1,1.8606044365178611
106,LP001369,1,1,2,1,0,7.185411185091604,30.0,1,2,1,1.8708369101772884
107,LP001370,1,0,0,0,0,6.138815911878341,30.0,1,0,0,1.8666961613539517
108,LP001379,1,1,2,1,0,7.115431607135431,30.0,0,2,0,1.8667766013185991
109,LP001384,1,1,3,0,0,5.749639977625254,40.0,1,1,1,1.8556857067086956
110,LP001385,1,0,0,1,0,6.341998303658538,30.0,1,2,1,1.8635864540622034
111,LP001387,0,1,0,1,0,6.377678797405123,30.0,1,1,1,1.86347878819664
114,LP001398,1,0,0,1,0,6.111725188742533,30.0,1,1,1,1.8630391810141698
115,LP001401,1,1,1,1,0,6.852435120940042,15.0,1,0,1,1.8718024356036655
116,LP001404,0,1,0,1,0,6.5463055633128056,30.0,1,1,1,1.8638465371761321
118,LP001421,1,1,0,1,0,6.759087153852618,30.0,1,0,0,1.8671347566583107
119,LP001422,0,0,0,1,0,7.42885449773168,30.0,1,2,1,1.8695292311665854
120,LP001426,1,1,0,1,0,6.806344711177298,30.0,1,0,1,1.8677929025344184
121,LP001430,0,0,0,1,0,4.598738319951352,30.0,1,1,1,1.860849575689397
122,LP001431,0,0,0,1,0,6.353969840750342,30.0,0,1,1,1.870005955084317
123,LP001432,1,1,2,1,0,5.517040082765307,30.0,1,1,1,1.8563494589581826
124,LP001439,1,1,0,0,0,6.93264284218059,30.0,1,0,1,1.8653156380119067
126,LP001448,1,1,3,1,0,8.061411381576212,30.0,1,0,1,1.8744574622568666
128,LP001451,1,1,1,1,1,6.60964115016159,15.0,0,2,0,1.8717085055367355
131,LP001473,1,0,0,1,0,5.377476018989611,30.0,1,2,1,1.8601813519315575
132,LP001478,1,0,0,1,0,5.292292775987911,30.0,1,1,1,1.8551117997172002
133,LP001482,1,1,0,1,1,3.7965959834592495,10.0,1,1,1,1.8585098549360273
134,LP001487,1,0,0,1,0,5.878754831057362,30.0,1,1,1,1.8626994739623461
135,LP001488,1,1,3,1,0,7.626917542648049,30.0,1,1,0,1.8703938577928336
136,LP001489,0,1,0,1,0,5.573552654296566,30.0,1,0,0,1.8619630258674904
137,LP001491,1,1,2,1,1,5.646141155368407,30.0,1,2,1,1.8660352420416875
138,LP001492,1,0,0,1,0,7.310984434403335,30.0,0,1,0,1.8719742517163707
139,LP001493,1,1,2,0,0,6.2559070165192,30.0,1,0,0,1.8641808829653346
140,LP001497,1,1,2,1,0,6.852435120940042,30.0,1,0,0,1.8664390978481642
141,LP001498,1,0,0,1,0,6.690842482002805,30.0,1,2,1,1.8637834019185477
142,LP001504,1,0,0,1,1,6.759087153852618,15.0,1,1,1,1.86621375119179
143,LP001507,1,1,0,1,0,6.165503231406164,30.0,1,1,1,1.8623239995177088
144,LP001508,1,1,2,1,0,6.870557906044639,15.0,1,2,1,1.8703979678611564
145,LP001514,0,1,0,1,0,5.847354460601608,30.0,1,1,1,1.8660352420416875
146,LP001516,0,1,2,1,0,5.292292775987911,30.0,1,2,1,1.871920121245109
147,LP001518,1,1,1,1,0,4.050366196402662,30.0,1,2,1,1.8563785497047094
148,LP001519,0,0,0,1,0,7.185411185091604,30.0,1,0,0,1.8703442428192136
149,LP001520,1,1,0,1,0,6.204804957734244,30.0,1,1,1,1.8642887181166927
150,LP001528,1,0,0,1,0,6.111725188742533,30.0,0,0,0,1.8652591372824885
151,LP001529,1,1,0,1,1,6.524699519931802,30.0,1,0,1,1.8653353694374848
152,LP001531,1,0,0,1,0,7.325231546073944,30.0,1,2,0,1.8685615284634258
153,LP001532,1,1,2,0,0,6.042145935177422,30.0,1,0,0,1.8523533368263765
154,LP001535,1,0,0,1,0,4.786491134274085,30.0,1,2,1,1.8576894346781363
155,LP001536,1,1,3,1,0,8.955539021938351,15.0,0,1,1,1.8766099075456872
157,LP001543,1,1,1,1,0,6.870557906044639,30.0,1,2,1,1.8688715356615397
158,LP001546,1,0,0,1,0,6.138815911878341,30.0,1,0,1,1.8630669468337584
159,LP001552,1,1,0,1,0,7.40176097895639,30.0,1,1,1,1.8693856621021618
160,LP001560,1,1,0,0,0,5.815383640723757,30.0,1,1,1,1.856088506272343
161,LP001562,1,1,0,1,0,7.533593144601115,30.0,1,2,0,1.867379045756297
162,LP001565,1,1,1,1,0,6.152209203414194,30.0,0,1,0,1.8614119389130943
163,LP001570,1,1,2,1,0,6.588770407176041,30.0,1,0,1,1.864151829313762
164,LP001572,1,1,0,1,0,5.398123220208909,15.0,1,2,1,1.8686946734423024
166,LP001577,0,1,0,1,0,6.027898327263307,30.0,1,0,0,1.8619630258674904
167,LP001578,1,1,0,1,0,6.2559070165192,30.0,1,0,1,1.8644333089850158
168,LP001579,1,0,0,1,0,5.13207765011887,40.0,0,1,0,1.8520306513917923
169,LP001580,1,1,2,1,0,6.984273856782395,30.0,1,1,1,1.8674503981850503
170,LP001581,1,1,0,0,0,5.766308605778188,30.0,1,0,1,1.8589925591112437
171,LP001585,1,1,3,1,0,9.24984983585632,25.0,1,2,1,1.8774777560694829
172,LP001586,1,1,3,0,0,5.517040082765307,15.0,1,0,0,1.8587471870250867
173,LP001594,1,1,0,1,0,6.870557906044639,30.0,1,1,1,1.8701420433008744
174,LP001603,1,1,0,0,1,5.628276878031187,30.0,1,1,0,1.8631030917265163
175,LP001606,1,1,0,1,0,6.084217969428781,30.0,1,0,1,1.8638674523626713
176,LP001608,1,1,2,1,0,5.86312460680268,30.0,1,0,1,1.8592590426493152
177,LP001610,1,1,3,1,0,8.594554707383882,30.0,0,1,0,1.8726469205238911
178,LP001616,1,1,1,1,0,6.084217969428781,30.0,1,1,1,1.8595545156473525
179,LP001630,1,0,0,0,0,5.878754831057362,40.0,0,2,0,1.8596684857198822
180,LP001633,1,1,1,1,0,6.806344711177298,30.0,0,2,0,1.8713883058429173
182,LP001636,1,1,0,1,0,5.356576127946356,15.0,1,1,1,1.862005113707228
183,LP001637,1,1,1,1,0,7.435569004425436,30.0,1,1,0,1.875980812128717
184,LP001639,0,1,0,1,0,5.9697382001882175,30.0,1,1,1,1.8591215245713582
185,LP001640,1,1,0,1,1,6.138815911878341,30.0,1,1,1,1.8769367044839158
186,LP001641,1,1,1,1,1,5.202609869793578,25.0,0,0,0,1.8515823856904394
188,LP001644,1,1,0,1,1,6.690842482002805,30.0,1,0,1,1.864769828787268
189,LP001647,1,1,0,1,0,6.8795539666452035,15.0,1,0,1,1.8686988572778616
190,LP001653,1,0,0,0,0,4.726273851520308,30.0,1,0,1,1.8626769922779356
191,LP001656,1,0,0,1,0,6.650687533216999,30.0,1,1,0,1.8705383632302692
192,LP001657,1,1,0,0,0,6.60964115016159,30.0,1,2,0,1.8648733422391073
193,LP001658,1,0,0,1,0,5.418524095560883,30.0,1,1,1,1.859911203020537
194,LP001664,1,0,0,1,0,6.138815911878341,30.0,1,0,1,1.8609210776127363
195,LP001665,1,1,1,1,0,6.710598246596588,30.0,1,1,0,1.86432072981896
196,LP001666,1,0,0,1,0,6.870557906044639,30.0,1,0,1,1.8705853241803898
199,LP001673,1,0,0,1,1,5.554919881844446,30.0,1,2,0,1.8699305378467435
200,LP001674,1,1,1,0,0,5.681328174225169,30.0,1,1,1,1.8631453787705101
201,LP001677,1,0,2,1,0,6.6708738773016,30.0,0,1,1,1.862762050347362
203,LP001688,1,1,1,0,0,6.329947269758654,30.0,1,2,1,1.8619630258674904
204,LP001691,1,1,2,0,0,6.191799621937822,30.0,1,1,1,1.860099671558564
205,LP001692,0,0,0,0,0,6.138815911878341,30.0,1,1,1,1.8615154156119398
206,LP001693,0,0,0,1,0,5.497783417454734,30.0,1,2,1,1.8576473944995002
207,LP001698,1,0,0,0,0,4.928044571103062,30.0,1,0,1,1.8656008908859294
208,LP001699,1,0,0,1,0,5.0331763531043325,30.0,1,2,1,1.853695354929572
209,LP001702,1,0,0,1,0,6.23053708713108,30.0,1,1,0,1.8583518150855842
210,LP001708,0,0,0,1,0,7.099524755573283,30.0,1,1,0,1.869231709202717
211,LP001711,1,1,3,1,0,6.243266653270689,30.0,0,1,0,1.8622000224090376
212,LP001713,1,1,1,1,1,7.296630942725449,30.0,1,2,1,1.867220317403047
213,LP001715,1,1,3,0,1,6.268459486245779,30.0,1,0,1,1.8643118531971234
214,LP001716,1,1,0,1,0,6.353969840750342,30.0,1,2,1,1.8651305175541684
215,LP001720,1,1,3,0,0,5.847354460601608,30.0,1,1,1,1.8625589416317498
216,LP001722,1,1,0,1,0,6.329947269758654,30.0,1,0,0,1.8496587834070708
217,LP001726,1,1,0,1,0,6.280925342709639,30.0,1,1,1,1.8639448442331592
218,LP001732,1,1,2,1,0,5.335416928713003,30.0,0,1,0,1.862931361204536
220,LP001736,1,1,0,1,0,5.058454798308994,30.0,0,2,0,1.8519108911506312
221,LP001743,1,1,2,1,0,6.084217969428781,30.0,1,1,1,1.8643525873463869
222,LP001744,1,0,0,1,0,6.435634182667218,30.0,1,1,1,1.8644158447580264
224,LP001750,1,1,0,1,0,6.243266653270689,30.0,1,1,1,1.8652175842037744
225,LP001751,1,1,0,1,0,6.710598246596588,30.0,1,0,0,1.8576726423721455
226,LP001754,1,1,0,0,1,6.365862980013103,30.0,1,2,0,1.862331088385223
227,LP001758,1,1,2,1,0,7.067305495138891,30.0,1,1,1,1.8673918929872553
228,LP001760,1,1,0,1,0,6.588770407176041,40.0,1,1,1,1.8623852088517014
229,LP001761,1,0,0,1,1,6.984273856782395,30.0,1,0,1,1.8654450270606449
230,LP001765,1,1,1,1,0,5.9096058215908815,30.0,1,1,1,1.8618680770843299
231,LP001768,1,1,0,1,0,4.531005744573636,15.0,1,0,1,1.8594389525243173
233,LP001776,0,0,0,1,0,7.565199722123965,30.0,1,1,1,1.86779190854062
234,LP001778,1,1,1,1,0,6.38941834650786,30.0,1,1,1,1.8627864850636482
235,LP001784,1,1,1,1,0,6.710598246596588,30.0,1,0,1,1.8659590406922542
238,LP001790,0,0,1,1,0,6.027898327263307,30.0,1,0,1,1.8597611727235481
239,LP001792,1,1,1,1,0,5.782820043161546,30.0,1,1,1,1.8579416622017664
240,LP001798,1,1,2,1,0,6.138815911878341,30.0,1,0,1,1.8698114152296705
241,LP001800,1,1,1,0,0,6.38941834650786,15.0,1,2,0,1.8617361597914122
242,LP001806,1,0,0,1,0,6.55701403388141,5.0,1,2,1,1.8681131425178799
243,LP001807,1,1,2,1,1,5.9697382001882175,30.0,1,0,1,1.8669527134135424
244,LP001811,1,1,0,0,0,6.178699536195794,30.0,1,1,1,1.8672598768596984
245,LP001813,1,0,0,1,1,6.138815911878341,15.0,1,2,0,1.869511516834086
246,LP001814,1,1,2,1,0,6.027898327263307,30.0,1,2,1,1.8690031799959146
247,LP001819,1,1,1,0,0,6.353969840750342,15.0,1,2,1,1.865747245850806
248,LP001824,1,1,1,1,0,6.178699536195794,40.0,1,1,1,1.8623074320374653
249,LP001825,1,1,0,1,0,5.681328174225169,30.0,1,2,1,1.8593043850914264
250,LP001835,1,1,0,0,0,6.992743152539837,30.0,0,1,0,1.8640491349808683
251,LP001836,0,0,2,1,0,6.365862980013103,30.0,1,2,0,1.8583867545980697
252,LP001841,1,0,0,0,1,5.9096058215908815,30.0,1,0,1,1.862366429851376
253,LP001843,1,1,1,0,0,7.558919275433357,15.0,1,1,1,1.8690494241061246
254,LP001844,1,0,0,1,1,6.9151127979654925,30.0,0,2,0,1.8724497755814387
255,LP001846,0,0,3,1,0,7.40176097895639,30.0,1,0,1,1.856942047582122
256,LP001849,1,0,0,0,0,6.070303903069571,30.0,0,0,0,1.864892871619518
257,LP001854,1,1,3,1,0,5.749639977625254,30.0,1,2,0,1.8634546324736398
258,LP001859,1,1,0,1,0,7.710179557119494,30.0,1,0,0,1.8726357063002714
261,LP001868,1,0,0,1,0,6.317815616383653,30.0,1,1,1,1.861140029665702
262,LP001870,0,0,1,1,0,6.55701403388141,3.0,1,1,0,1.8585934797207266
263,LP001871,0,0,0,1,0,6.138815911878341,30.0,1,0,1,1.8665330988797872
264,LP001872,1,0,0,1,1,6.243266653270689,30.0,1,1,1,1.8632831436305606
265,LP001875,1,0,0,1,0,6.513800368370525,30.0,1,0,1,1.8669434563285083
266,LP001877,1,1,2,1,0,6.502836052403876,30.0,1,1,1,1.864973609505742
267,LP001882,1,1,3,1,0,6.60964115016159,30.0,0,2,1,1.865051754852992
268,LP001883,0,0,0,1,0,6.329947269758654,30.0,1,0,0,1.8583518150855842
269,LP001884,0,0,1,1,0,5.681328174225169,30.0,1,2,1,1.861588846211086
270,LP001888,0,0,0,1,0,4.050366196402662,30.0,1,2,1,1.857617848138292
271,LP001891,1,1,0,1,0,6.341998303658538,30.0,1,2,1,1.8700244605800715
272,LP001892,1,0,0,1,0,6.21771697872411,30.0,1,0,1,1.8622240275100377
273,LP001894,1,1,0,1,0,6.502836052403876,30.0,1,1,1,1.862581794308521
274,LP001896,1,1,2,1,0,5.681328174225169,30.0,1,1,1,1.8600458149568795
275,LP001900,1,1,1,1,0,6.070303903069571,30.0,1,1,1,1.8619853373802036
276,LP001903,1,1,0,1,0,7.042776495985061,30.0,1,1,1,1.8666158142270295
277,LP001904,1,1,0,1,0,5.497783417454734,30.0,1,2,1,1.8615022278262259
278,LP001907,1,1,0,1,0,8.360168539818451,30.0,1,1,1,1.8718024356036655
280,LP001910,1,0,1,0,1,6.588770407176041,30.0,0,2,0,1.8655615605153462
281,LP001914,1,1,0,1,0,6.027898327263307,30.0,1,1,1,1.8623121694357667
282,LP001915,1,1,2,1,0,5.4586111294991095,15.0,1,2,1,1.857825949440886
283,LP001917,0,0,0,1,0,4.900687814797254,30.0,1,2,1,1.858578335485669
285,LP001924,1,0,0,1,0,5.663823633455988,30.0,1,0,1,1.8651570755088627
286,LP001925,0,0,0,1,1,5.831441721694374,25.0,1,1,0,1.8612717494592015
287,LP001926,1,1,0,1,0,6.138815911878341,30.0,1,0,1,1.8643136294744476
288,LP001931,0,0,0,1,0,6.070303903069571,30.0,1,1,1,1.8607279616475834
289,LP001935,1,0,0,1,0,6.870557906044639,30.0,1,0,1,1.8688472252511512
290,LP001936,1,1,0,1,0,6.377678797405123,30.0,1,0,1,1.8639241674216198
291,LP001938,1,1,2,1,0,6.23053708713108,30.0,0,1,0,1.8614943041442615
292,LP001940,1,1,2,1,0,6.317815616383653,30.0,1,2,1,1.8622789430424582
293,LP001945,0,0,0,1,0,6.42418959714145,40.0,0,2,0,1.8637834019185477
294,LP001947,1,1,0,1,0,6.7301459040729945,30.0,1,1,1,1.8643366777777282
295,LP001949,1,1,3,1,0,5.9990562339903,30.0,1,2,1,1.8642457938787507
296,LP001953,1,1,1,1,0,6.984273856782395,30.0,1,1,1,1.8661144955812117
297,LP001954,0,1,1,1,0,6.329947269758654,30.0,1,2,1,1.862166283030079
298,LP001955,0,0,0,1,0,6.513800368370525,40.0,1,0,0,1.8669422981358532
299,LP001963,1,1,1,1,0,6.042145935177422,30.0,1,2,0,1.8627975642015162
300,LP001964,1,1,0,0,0,5.732810965878327,30.0,0,2,0,1.862328726193568
301,LP001972,1,1,0,0,0,5.924831562631176,30.0,1,1,1,1.8620665768532254
302,LP001974,0,0,0,1,0,6.293305837923777,30.0,1,0,1,1.862931361204536
303,LP001977,1,1,1,1,0,5.782820043161546,30.0,1,2,1,1.8583906280949984
304,LP001978,1,0,0,1,0,6.38941834650786,30.0,1,0,1,1.8655921724224425
306,LP001993,0,0,0,1,0,6.329947269758654,30.0,1,0,1,1.8638045122870959
307,LP001994,0,0,0,1,0,5.9096058215908815,30.0,0,2,0,1.8611234052149692
308,LP001996,1,0,0,1,0,8.537452765001678,30.0,1,0,0,1.873652244657271
310,LP002002,0,0,0,1,0,5.573552654296566,30.0,1,1,1,1.8561531849256805
311,LP002004,1,0,0,0,0,6.013535752225255,30.0,1,1,1,1.8636180340668196
312,LP002006,0,0,0,1,0,4.954957225694615,30.0,1,0,1,1.8538719313721415
314,LP002024,1,1,0,1,0,6.599235316513781,30.0,1,0,0,1.8612690281908975
315,LP002031,1,1,1,0,0,6.013535752225255,15.0,1,2,1,1.8630156012492178
316,LP002035,1,1,2,1,0,6.138815911878341,30.0,1,1,1,1.859442374523302
319,LP002050,1,1,1,1,1,6.55701403388141,30.0,1,0,0,1.869231709202717
320,LP002051,1,1,0,1,0,6.070303903069571,30.0,1,1,1,1.8619231948658055
321,LP002053,1,1,3,1,0,6.191799621937822,30.0,1,1,1,1.8618327889926676
324,LP002065,1,1,3,1,0,7.686748640352567,30.0,1,0,1,1.8719746559272787
325,LP002067,1,1,1,1,1,8.090474448343697,30.0,0,0,0,1.8713878388437903
326,LP002068,1,0,0,1,0,6.268459486245779,30.0,0,0,1,1.8627486870597705
327,LP002082,1,1,0,1,1,6.843307500443318,30.0,1,1,1,1.867427070212132
328,LP002086,0,1,0,1,0,5.9990562339903,30.0,1,2,0,1.865991816321523
329,LP002087,0,0,0,1,0,5.225480026808968,30.0,1,2,1,1.8538280712341713
330,LP002097,1,0,1,1,0,6.098024484653855,30.0,1,2,1,1.8651038477718993
331,LP002098,1,0,0,1,0,5.815383640723757,30.0,1,1,1,1.8562420149725354
332,LP002100,1,0,0,1,0,5.3139915346451305,30.0,1,2,1,1.8557272777198057
333,LP002101,1,1,0,1,0,8.575695884693628,15.0,1,2,1,1.8780788062950333
334,LP002103,1,1,1,1,1,6.824917510295571,15.0,1,2,1,1.8703442428192136
336,LP002110,1,1,1,1,0,6.60964115016159,30.0,1,0,1,1.8647166076906028
337,LP002112,1,1,2,1,1,6.7686350427975635,30.0,1,0,1,1.86640742681308
339,LP002114,0,0,0,1,0,5.3139915346451305,30.0,1,1,1,1.8608323174074937
340,LP002115,1,1,3,0,0,6.739843128087783,30.0,1,0,0,1.8610425458570719
341,LP002116,0,0,0,1,0,4.663754277961451,30.0,1,0,0,1.8530321660501818
342,LP002119,1,1,1,0,0,6.588770407176041,30.0,1,2,1,1.8644524662116067
343,LP002126,1,1,3,0,0,5.377476018989611,30.0,1,1,1,1.8573430981682333
344,LP002128,1,1,2,1,0,6.204804957734244,30.0,1,0,1,1.862739764323869
345,LP002129,1,1,0,1,0,6.60964115016159,30.0,1,1,1,1.8628373073451203
346,LP002130,1,1,0,0,0,6.524699519931802,30.0,0,0,0,1.8659494475564857
347,LP002131,1,1,2,0,0,6.21771697872411,30.0,1,2,1,1.8634566486779933
349,LP002138,1,1,0,1,0,6.870557906044639,30.0,1,0,1,1.8683052690174609
350,LP002139,1,1,0,1,0,7.208178352675754,30.0,1,1,1,1.8684897199401127
351,LP002140,1,0,0,1,0,7.733334594328316,30.0,1,0,0,1.871031275296113
352,LP002141,1,1,3,1,0,5.766308605778188,30.0,1,0,1,1.862364079071593
353,LP002142,0,1,0,1,1,5.924831562631176,30.0,0,0,0,1.8639410895224013
354,LP002143,0,1,0,1,0,6.268459486245779,30.0,1,1,1,1.8562075693086204
355,LP002144,0,0,0,1,0,6.084217969428781,15.0,1,2,1,1.8597644636898678
356,LP002149,1,1,2,1,0,6.660808235596759,30.0,1,0,1,1.8702445671514725
357,LP002151,1,1,1,1,0,5.225480026808968,30.0,1,2,0,1.8599659578434893
358,LP002158,1,1,0,0,0,5.847354460601608,40.0,0,2,0,1.862166283030079
359,LP002160,1,1,3,1,0,6.984273856782395,30.0,1,1,1,1.8677929025344184
360,LP002161,0,0,1,1,0,5.517040082765307,30.0,1,1,0,1.8623026915682213
361,LP002170,1,1,2,1,0,7.267598014707957,30.0,1,1,1,1.8681140786398907
362,LP002175,1,1,0,1,0,6.268459486245779,30.0,1,2,1,1.8663857928184036
364,LP002180,1,0,0,1,1,6.40108265914731,30.0,1,0,1,1.8660433496288062
365,LP002181,1,0,0,0,0,6.305602196486696,30.0,1,0,0,1.8651648655026403
366,LP002187,1,0,0,1,0,5.782820043161546,40.0,1,1,0,1.8538280712341713
368,LP002190,1,1,1,1,0,6.759087153852618,30.0,1,1,1,1.8653323378751978
369,LP002191,1,1,0,1,0,8.858608344333227,30.0,1,0,0,1.8746865061349471
370,LP002194,0,0,0,1,1,4.928044571103062,30.0,1,1,1,1.8722700393512923
371,LP002197,1,1,2,1,0,6.55701403388141,30.0,1,1,1,1.8633223047451049
372,LP002201,1,1,2,1,1,8.109618785639618,25.0,1,0,1,1.8727736713013687
373,LP002205,1,0,1,1,0,6.013535752225255,15.0,0,2,0,1.8630370406495596
374,LP002209,0,0,0,1,0,5.9990562339903,30.0,1,2,1,1.861011652894848
375,LP002211,1,1,0,1,0,6.138815911878341,15.0,1,2,1,1.864377259617093
376,LP002219,1,1,3,1,0,6.268459486245779,30.0,1,0,1,1.8714328953252821
378,LP002224,1,0,0,1,0,5.3139915346451305,40.0,1,2,0,1.8568780484509069
379,LP002225,1,1,2,1,0,6.268459486245779,30.0,1,2,1,1.8637332427776496
380,LP002226,1,1,0,1,0,6.243266653270689,30.0,1,1,1,1.86453884639673
381,LP002229,1,0,0,1,0,7.663034812151929,30.0,1,1,1,1.869360094155358
382,LP002231,0,0,0,1,0,6.567660498305423,30.0,1,2,1,1.8648193284259
383,LP002234,1,0,0,1,1,6.243266653270689,30.0,1,2,1,1.8664919239813857
384,LP002236,1,1,2,1,0,5.847354460601608,30.0,1,2,0,1.8619206983354692
385,LP002237,1,0,1,1,0,6.042145935177422,15.0,1,2,1,1.859269528129172
386,LP002239,1,0,0,0,0,6.293305837923777,30.0,1,1,1,1.8601907235363002
388,LP002244,1,1,0,1,0,6.341998303658538,30.0,1,2,1,1.862366429851376
389,LP002250,1,1,0,1,0,6.204804957734244,30.0,1,0,1,1.8639185172820485
390,LP002255,1,0,3,1,0,6.852435120940042,30.0,1,0,1,1.8685623875534179
391,LP002262,1,1,3,1,0,7.533593144601115,30.0,1,0,1,1.8688439749894796
393,LP002265,1,1,2,0,0,6.042145935177422,15.0,1,1,1,1.8590966018896682
394,LP002266,1,1,2,1,0,6.042145935177422,30.0,1,2,1,1.861754053733758
396,LP002277,0,0,0,1,0,5.3139915346451305,30.0,0,2,0,1.8573735607667554
397,LP002281,1,1,0,1,0,5.766308605778188,30.0,1,2,1,1.8617336000295734
398,LP002284,1,0,0,0,0,5.984457744171492,30.0,1,0,1,1.864067589167479
399,LP002287,0,0,0,1,0,5.894247728520179,30.0,0,1,0,1.8578803013386274
400,LP002288,1,1,2,0,0,4.631571446022848,15.0,0,2,0,1.856013324027574
401,LP002296,1,0,0,0,0,5.179425655172234,25.0,1,0,0,1.8553141099080739
402,LP002297,1,0,0,1,0,5.894247728520179,30.0,1,1,1,1.8741863271681236
403,LP002300,0,0,0,0,0,4.87287119731265,30.0,1,1,1,1.8497775881866962
404,LP002301,0,0,0,1,1,6.93264284218059,30.0,1,0,0,1.8668252780163255
405,LP002305,0,0,0,1,0,6.070303903069571,30.0,1,1,1,1.8618731046573787
406,LP002308,1,1,0,0,0,6.070303903069571,30.0,1,2,1,1.8619231948658055
407,LP002314,0,0,0,0,0,5.202609869793578,30.0,1,0,1,1.851850514488029
408,LP002315,1,1,1,1,0,6.524699519931802,25.0,0,1,0,1.867759003953697
409,LP002317,1,1,3,1,0,8.012016629644704,30.0,0,0,0,1.8787294987462313
410,LP002318,0,0,1,0,1,5.107894077015728,30.0,1,1,0,1.8599402367744238
412,LP002328,1,1,0,0,0,7.1312064337716325,30.0,0,0,0,1.8649752139154734
413,LP002332,1,1,0,0,0,5.9990562339903,30.0,1,0,1,1.8611869386469309
414,LP002335,0,1,0,0,0,6.787585224042783,30.0,0,1,0,1.8637235543125379
415,LP002337,0,0,0,1,0,5.058454798308994,30.0,1,2,1,1.8565321907265138
416,LP002341,0,0,1,1,0,6.60964115016159,30.0,1,2,0,1.8544373877577844
417,LP002342,1,1,2,1,1,7.289413777602807,30.0,1,2,0,1.8739845882691444
418,LP002345,1,1,0,1,0,6.027898327263307,30.0,1,0,1,1.859714959987874
419,LP002347,1,1,0,1,0,6.365862980013103,30.0,1,1,1,1.8621590329933755
420,LP002348,1,1,0,1,0,6.365862980013103,30.0,1,0,1,1.8645319777501848
422,LP002361,1,1,0,1,0,5.847354460601608,30.0,1,2,1,1.8588101184501538
424,LP002364,1,1,0,1,0,5.782820043161546,30.0,1,1,1,1.8719258540517993
425,LP002366,1,1,0,1,0,6.152209203414194,30.0,1,0,1,1.8662347137256496
426,LP002367,0,0,1,0,0,5.517040082765307,30.0,1,0,0,1.862019911430857
427,LP002368,1,1,2,1,0,6.305602196486696,30.0,1,1,1,1.8647115957005658
428,LP002369,1,1,0,1,0,5.628276878031187,30.0,1,0,1,1.8562475146127315
429,LP002370,1,0,0,0,0,5.058454798308994,15.0,1,2,1,1.8551062734007826
430,LP002377,0,0,1,1,1,6.502836052403876,30.0,1,1,1,1.8680736754456069
431,LP002379,1,0,0,1,0,5.924831562631176,30.0,0,0,0,1.8655921724224425
432,LP002386,1,0,0,1,0,8.225317264071919,30.0,1,1,1,1.8710103904695063
433,LP002387,1,1,0,1,0,6.42418959714145,30.0,1,1,1,1.8624016008675535
434,LP002390,1,0,0,1,0,5.847354460601608,30.0,1,2,1,1.8595545156473525
436,LP002398,1,0,0,1,0,4.786491134274085,30.0,1,1,1,1.859645149745038
438,LP002403,1,0,0,1,1,6.870557906044639,30.0,0,2,0,1.8695348860013492
439,LP002407,0,1,0,0,1,6.365862980013103,30.0,1,0,1,1.8664605371424898
440,LP002408,1,0,0,1,0,6.870557906044639,30.0,1,1,1,1.8681671657622991
441,LP002409,1,1,0,1,0,6.806344711177298,30.0,1,0,1,1.8690275312515376
442,LP002418,1,0,3,0,0,6.4807085992621705,30.0,1,1,1,1.8658763165622454
443,LP002422,1,0,1,1,0,6.524699519931802,30.0,1,1,1,1.8763951916399444
445,LP002429,1,1,1,1,1,6.268459486245779,30.0,1,0,1,1.862190398368806
446,LP002434,1,1,2,0,0,5.9990562339903,30.0,1,0,1,1.8621323883114969
447,LP002435,1,1,0,1,0,4.928044571103062,30.0,1,0,0,1.862744227081476
448,LP002443,1,1,2,1,0,6.502836052403876,30.0,0,0,0,1.8630391810141698
450,LP002446,1,1,2,0,0,6.204804957734244,30.0,0,0,0,1.8589018285921446
452,LP002448,1,1,0,1,0,6.491805744074854,30.0,0,0,0,1.8642726540638455
453,LP002449,1,1,0,1,0,5.681328174225169,15.0,0,0,1,1.8628196710475193
454,LP002453,1,0,0,1,1,5.573552654296566,30.0,1,1,1,1.866388342118449
455,LP002455,1,1,2,1,0,5.782820043161546,30.0,1,1,1,1.8599144341117444
456,LP002459,1,1,0,1,0,6.111725188742533,30.0,1,2,1,1.86122809299431
457,LP002467,1,1,0,1,0,6.739843128087783,30.0,1,2,0,1.8652591372824885
458,LP002472,1,0,2,1,0,6.341998303658538,30.0,1,0,1,1.8613717628092155
459,LP002473,1,1,0,1,0,6.60964115016159,30.0,1,1,0,1.8677929025344184
461,LP002484,1,1,3,1,0,6.243266653270689,15.0,1,2,1,1.867168246938351
462,LP002487,1,1,0,1,0,6.5355343192939515,30.0,1,0,1,1.8633592026260322
463,LP002489,0,0,1,0,0,6.293305837923777,30.0,1,1,1,1.8633346258010146
464,LP002493,1,0,0,1,0,5.815383640723757,30.0,0,1,0,1.860849575689397
465,LP002494,1,0,0,1,0,6.38941834650786,30.0,1,0,1,1.8648193284259
466,LP002500,1,1,3,0,0,5.292292775987911,15.0,0,2,0,1.8620322203423616
467,LP002501,1,1,0,1,0,5.9990562339903,30.0,1,1,1,1.8726046065555224
468,LP002502,0,1,2,0,0,5.815383640723757,30.0,1,1,1,1.857140324555449
469,LP002505,1,1,0,1,0,5.9990562339903,30.0,1,2,0,1.865991816321523
470,LP002515,1,1,1,1,1,6.630278376234001,30.0,1,1,1,1.8639953291528433
471,LP002517,1,1,1,0,0,6.042145935177422,15.0,0,0,0,1.860812134517716
472,LP002519,1,1,3,1,0,5.847354460601608,30.0,1,1,1,1.8622264237104027
474,LP002524,1,0,2,1,0,6.630278376234001,30.0,1,0,1,1.8693652185093481
475,LP002527,1,1,2,1,1,6.502836052403876,30.0,1,0,1,1.8728844529955915
476,LP002529,1,1,2,1,0,7.223207128598848,25.0,1,1,1,1.8679069810759046
477,LP002530,1,1,2,1,0,6.293305837923777,30.0,0,1,0,1.862354668368882
478,LP002531,1,1,1,1,1,5.6102268101017225,30.0,1,1,1,1.873298113479159
480,LP002534,0,0,0,0,0,6.5463055633128056,30.0,1,0,1,1.861361013375621
481,LP002536,1,1,3,0,0,6.042145935177422,30.0,1,0,1,1.8569965508860544
482,LP002537,1,1,0,1,0,6.243266653270689,30.0,1,1,1,1.8634202667986532
483,LP002541,1,1,0,1,0,7.252915071266345,30.0,1,1,1,1.8698207377434792
484,LP002543,1,1,2,1,0,7.3393739285099375,30.0,1,1,1,1.86779190854062
485,LP002544,1,1,1,0,0,6.280925342709639,30.0,1,0,1,1.861478431940051
486,LP002545,1,0,2,1,0,5.497783417454734,30.0,0,0,0,1.8588395733426966
487,LP002547,1,1,1,1,0,8.613242838432468,30.0,1,2,0,1.873128621146686
488,LP002555,1,1,2,1,1,6.60964115016159,30.0,1,1,1,1.8658289343055872
489,LP002556,1,0,0,1,0,5.398123220208909,30.0,1,2,0,1.8534116203359485
492,LP002571,1,0,0,0,0,5.9990562339903,30.0,1,0,1,1.8593529417482084
493,LP002582,0,0,0,0,1,7.185411185091604,30.0,1,1,1,1.8727955754611354
494,LP002585,1,1,0,1,0,6.125321779089678,30.0,0,0,0,1.8644018399321753
495,LP002586,0,1,1,1,0,5.924831562631176,7.0,1,1,1,1.8610565475249057
496,LP002587,1,1,0,0,0,5.954895463300882,30.0,1,0,1,1.8612253562105783
498,LP002600,1,1,1,1,1,5.766308605778188,30.0,1,1,1,1.8560434684849645
499,LP002602,1,0,0,1,0,7.059164406676836,30.0,0,0,0,1.8697307432924108
500,LP002603,0,0,0,1,0,6.042145935177422,40.0,1,0,1,1.8613016198523629
501,LP002606,0,0,0,1,0,5.847354460601608,30.0,1,1,1,1.857281863212162
502,LP002615,1,1,2,1,0,7.050988180853118,30.0,1,1,1,1.8695861809917134
504,LP002619,1,1,0,0,0,6.191799621937822,25.0,1,1,1,1.8635487632796564
505,LP002622,1,1,2,1,0,7.318121183642746,30.0,1,0,1,1.8673715377899878
507,LP002625,1,0,0,1,0,5.782820043161546,30.0,1,2,0,1.8589708722020892
508,LP002626,1,1,0,1,1,6.8795539666452035,30.0,1,2,1,1.8639260497513759
509,LP002634,0,0,1,1,0,4.460305213912143,30.0,1,2,1,1.8712030810157854
510,LP002637,1,0,0,0,0,5.847354460601608,30.0,1,0,0,1.8626769922779356
511,LP002640,1,1,1,1,0,7.367350916078431,30.0,1,1,1,1.8675229305852163
512,LP002643,1,1,2,1,0,6.4807085992621705,30.0,1,2,1,1.8635904095162803
513,LP002648,1,1,0,1,0,5.292292775987911,15.0,1,1,0,1.8682334690208944
514,LP002652,1,0,0,1,0,7.750523907508195,30.0,1,0,0,1.868825245260932
515,LP002659,1,1,3,1,0,6.502836052403876,30.0,1,0,1,1.8661397966204991
516,LP002670,0,1,2,1,0,6.042145935177422,40.0,1,1,1,1.8592555445680592
517,LP002682,1,1,0,0,0,6.178699536195794,30.0,0,1,0,1.862652180904831
518,LP002683,1,0,0,1,0,6.852435120940042,30.0,1,1,0,1.8657330506244136
519,LP002684,0,0,0,0,0,5.766308605778188,30.0,1,0,0,1.8582815117185045
520,LP002689,1,1,2,0,0,4.631571446022848,30.0,1,1,1,1.860153171497683
521,LP002690,1,0,0,1,0,4.928044571103062,30.0,1,1,1,1.8538280712341713
522,LP002692,1,1,3,1,1,5.847354460601608,30.0,1,0,1,1.8664086969311864
523,LP002693,1,1,2,1,1,8.537452765001678,30.0,1,0,1,1.8720204672633478
525,LP002699,1,1,2,1,1,8.202701981625525,30.0,1,0,1,1.872872024523665
526,LP002705,1,1,0,1,0,5.9990562339903,30.0,1,1,1,1.859638470158504
527,LP002706,1,1,1,0,0,6.619988607722881,30.0,0,1,1,1.8658971036472327
528,LP002714,1,0,1,0,0,5.749639977625254,30.0,1,1,1,1.860299258889482
529,LP002716,1,0,0,0,0,6.268459486245779,30.0,1,1,1,1.8659904542158972
531,LP002720,1,1,3,1,0,5.847354460601608,30.0,1,2,1,1.8611731714952406
532,LP002723,1,0,2,1,0,5.9990562339903,30.0,0,0,0,1.8589889484823643
534,LP002731,0,0,0,0,1,6.204804957734244,30.0,1,2,1,1.8730783239834161
535,LP002732,1,0,0,0,0,6.21771697872411,30.0,1,0,1,1.8619853373802036
536,LP002734,1,1,0,1,0,7.823327638099999,30.0,1,2,1,1.8692609469784602
537,LP002738,1,0,2,1,0,5.954895463300882,30.0,1,1,1,1.8590930354797712
538,LP002739,1,1,0,0,0,5.202609869793578,30.0,1,0,0,1.8584869067195426
539,LP002740,1,1,3,1,0,6.578245709666785,15.0,1,0,1,1.86547028924544
540,LP002741,0,1,1,1,0,6.38941834650786,15.0,1,1,1,1.8668394472491132
541,LP002743,0,0,0,1,0,5.831441721694374,30.0,0,1,0,1.8512677584673711
542,LP002753,0,0,1,1,0,5.766308605778188,30.0,1,1,1,1.8592169689373177
543,LP002755,1,1,1,0,0,6.243266653270689,30.0,1,2,1,1.8623969211980926
545,LP002767,1,1,0,1,0,6.55701403388141,30.0,1,0,1,1.8622908269381195
546,LP002768,1,0,0,0,0,5.497783417454734,3.0,1,1,0,1.8581152321689722
547,LP002772,1,0,0,1,0,6.447007453171717,30.0,1,0,1,1.8612499522484183
548,LP002776,0,0,0,1,0,5.894247728520179,30.0,0,1,0,1.862931361204536
549,LP002777,1,1,0,1,0,5.9990562339903,30.0,1,0,1,1.8624853239460912
552,LP002785,1,1,1,1,0,6.588770407176041,30.0,1,2,1,1.8657116959153388
553,LP002788,1,1,0,0,0,6.815654201384631,30.0,0,2,0,1.8624528795277262
554,LP002789,1,1,0,1,0,6.293305837923777,15.0,0,0,0,1.867299158590632
555,LP002792,1,1,1,1,0,3.8507971173143978,30.0,1,1,1,1.8655921724224425
557,LP002795,1,1,3,1,1,7.435569004425436,30.0,1,1,1,1.8693351274359775
558,LP002798,1,1,0,1,0,6.630278376234001,30.0,1,1,1,1.8656730690946313
559,LP002804,0,1,0,1,0,6.824917510295571,30.0,1,1,1,1.8655717813427863
560,LP002807,1,1,2,0,0,5.9697382001882175,30.0,1,1,1,1.860099671558564
561,LP002813,0,1,1,1,1,8.955539021938351,30.0,1,1,1,1.87345517831314
562,LP002820,1,1,0,1,0,7.075411763488965,30.0,1,0,1,1.8674260075099554
563,LP002821,1,0,0,0,1,6.293305837923777,30.0,1,1,1,1.864481963359379
564,LP002832,1,1,2,1,0,7.42211661527412,30.0,0,2,0,1.8682362136187474
566,LP002836,1,0,0,1,0,5.292292775987911,30.0,1,2,1,1.8580147365035837
567,LP002837,1,1,3,1,0,6.178699536195794,30.0,0,0,0,1.864652834477079
568,LP002840,0,0,0,1,0,2.4570048789831636,30.0,1,2,0,1.8530321660501818
569,LP002841,1,1,0,1,0,5.9096058215908815,30.0,0,2,0,1.8634141845214134
570,LP002842,1,1,1,1,0,6.861518438977497,30.0,1,2,1,1.8632852102367152
571,LP002847,1,1,0,1,0,6.660808235596759,30.0,0,2,0,1.8656888352954808
572,LP002855,1,1,2,1,0,7.533593144601115,30.0,1,2,1,1.8725956731958069
573,LP002862,1,1,2,0,0,6.870557906044639,40.0,1,1,0,1.867179366237658
574,LP002863,1,1,3,1,0,6.502836052403876,30.0,1,1,0,1.8654539548447284
575,LP002868,1,1,2,1,0,5.9697382001882175,7.0,1,2,1,1.8591037301840962
576,LP002872,1,1,0,1,0,6.341998303658538,30.0,0,1,0,1.8635487632796564
577,LP002874,1,0,0,1,0,5.9990562339903,30.0,1,2,1,1.8647665152728201
578,LP002877,1,1,1,1,0,5.954895463300882,30.0,1,0,1,1.8604002625651208
579,LP002888,1,0,0,1,0,6.619988607722881,30.0,1,2,1,1.8649800247280393
580,LP002892,1,1,2,1,0,7.02624543971608,30.0,1,1,1,1.8656500640035527
581,LP002893,1,0,0,1,0,5.681328174225169,30.0,1,2,0,1.8761848666460978
582,LP002894,0,1,0,1,0,4.308800495187755,30.0,1,1,1,1.8573125325092676
584,LP002911,1,1,1,1,0,6.458310340301332,30.0,0,0,0,1.862257503315678
585,LP002912,1,1,1,1,0,6.7301459040729945,7.0,1,0,0,1.866635394643332
586,LP002916,1,1,0,1,0,5.9096058215908815,30.0,1,2,1,1.8597841817755518
587,LP002917,0,0,0,0,0,5.292292775987911,30.0,1,1,1,1.8514811084993723
588,LP002925,1,0,0,1,0,5.749639977625254,30.0,1,1,1,1.862366429851376
589,LP002926,1,1,2,1,1,5.939927336555229,30.0,0,1,0,1.8551558984626064
590,LP002928,1,1,0,1,0,4.954957225694615,15.0,1,1,1,1.8654688060717697
591,LP002931,1,1,2,1,1,7.02624543971608,20.0,1,1,0,1.8648193284259
592,LP002933,1,0,3,1,1,7.639030763353851,30.0,1,1,1,1.8687230559925783
593,LP002936,1,1,0,1,0,6.412672745993839,15.0,1,0,1,1.8664818984516367
594,LP002938,1,1,0,1,1,7.435569004425436,30.0,1,2,1,1.8724030042917403
595,LP002940,1,0,0,0,0,5.9990562339903,30.0,1,0,1,1.8598300067483262
596,LP002941,1,1,2,0,1,6.870557906044639,30.0,1,0,0,1.8667562970229195
597,LP002943,1,0,0,1,0,5.646141155368407,30.0,0,1,0,1.8564940168121946
598,LP002945,1,1,0,1,1,6.806344711177298,30.0,1,0,1,1.869203808972152
599,LP002948,1,1,2,1,0,6.9151127979654925,30.0,1,2,1,1.8644472470493123
601,LP002950,1,1,0,0,0,6.55701403388141,30.0,1,0,1,1.8642815833435484
602,LP002953,1,1,3,1,0,6.243266653270689,30.0,1,2,1,1.8643118531971234
603,LP002958,1,0,0,1,0,6.7301459040729945,30.0,1,0,1,1.8674260075099554
604,LP002959,0,1,1,1,0,8.598305884242297,30.0,1,1,1,1.8705383632302692
606,LP002961,1,1,1,1,0,6.739843128087783,30.0,1,1,1,1.864652834477079
607,LP002964,1,1,2,0,0,6.578245709666785,30.0,1,0,1,1.8637467835409391
608,LP002974,1,1,0,1,0,5.9697382001882175,30.0,1,0,1,1.8633161360284054
609,LP002978,0,0,0,1,0,5.3139915346451305,30.0,1,0,1,1.8560685158966381
610,LP002979,1,1,3,1,0,4.460305213912143,15.0,1,0,1,1.8606752592004792
611,LP002983,1,1,1,1,0,7.388070461620071,30.0,1,2,1,1.8677709923964574
612,LP002984,1,1,2,1,0,6.870557906044639,30.0,1,2,1,1.8669907407260293
613,LP002990,0,0,0,1,1,6.305602196486696,30.0,0,1,0,1.8619630258674904
